post_count,report_count,like_ratio,comment_count,is_anomaly_ground_truth
3.745401188473625,1.9014286128198323,0.8659969709057025,2.993292420985183,0
1.5601864044243652,0.3119890406724053,0.5290418060840998,4.330880728874676,0
6.011150117432088,1.416145155592091,0.5102922471479012,4.8495492608099715,0
8.324426408004218,0.4246782213565523,0.5909124836035503,0.9170225492671691,0
3.0424224295953772,1.0495128632644757,0.7159725093210578,1.4561457009902097,0
6.118528947223795,0.27898772130408367,0.6460723242676091,1.8318092164684585,0
4.56069984217036,1.5703519227860272,0.5998368910791798,2.571172192068058,0
5.924145688620425,0.09290082543999545,0.8037724259507192,0.8526206184364576,0
0.6505159298527952,1.8977710745066665,0.9828160165372797,4.041986740582305,0
3.0461376917337066,0.19534422801276774,0.8421165132560784,2.2007624686980067,0
1.2203823484477883,0.9903538202225404,0.5171942605576092,4.546602010393911,0
2.587799816000169,1.325044568707964,0.6558555380447055,2.600340105889054,0
5.4671027934327965,0.3697089110510541,0.9847923138822793,3.8756641168055728,0
9.394989415641891,1.7896547008552977,0.7989499894055425,4.609371175115584,0
0.884925020519195,0.3919657248382904,0.522613644455269,1.6266516538163218,0
3.8867728968948203,0.5426980635477918,0.9143687545759647,1.7837666334679465,0
2.8093450968738076,1.085392166316497,0.5704621124873813,4.010984903770199,0
0.7455064367977082,1.9737738732010346,0.8861223846483287,0.993578407670862,0
0.05522117123602399,1.6309228569096683,0.8534286719238086,3.6450358402049368,0
7.712703466859457,0.14808930346818072,0.6792328642721364,0.5793452976256486,0
8.631034258755935,1.2465962536551158,0.6654490124263246,0.3177917514301182,0
3.109823217156622,0.6503666440534941,0.864803089169032,3.1877873567760657,0
8.872127425763265,0.9444298503238986,0.5597971229691509,3.566223936114975,0
7.607850486168974,1.1225543951389925,0.8854835899772805,2.4689779818219537,0
5.227328293819941,0.8550820367170993,0.5127095633720475,0.5394571349665223,0
0.3142918568673425,1.2728208225275608,0.6571779905381634,2.542853455823514,0
9.07566473926093,0.4985844582977499,0.7051914615178149,3.7777556927152434,0
2.2879816549162246,0.15395981965758598,0.6448757264568841,0.8061064362700221,0
9.29697652342573,1.616240759128834,0.8167018782552118,4.357302950938589,0
8.036720768991145,0.3731401177720717,0.9462794992449889,2.6967112095782535,0
8.074401551640625,1.7921825998469865,0.6590017374859319,0.5502596226383838,0
2.279351625419417,0.8542155772525126,0.9090073829612466,4.303652916281717,0
0.06952130531190703,1.0214946051551315,0.7087055015743895,1.1105390523536514,0
1.198653673336828,0.6752303428072559,0.9714548519562596,1.6160146601037761,0
5.187906217433661,1.4060379177903557,0.681814801189647,4.858910413604804,0
9.624472949421111,0.5035645916507283,0.7486242529461927,1.5043915490838482,0
2.848404943774676,0.07377389470906559,0.8047821669899484,2.5133951161443076,0
0.5147875124998935,0.5572929284732229,0.9541329429833268,1.197809453334862,0
1.448948720912231,0.978905520555126,0.9928252270553004,1.2102763575575022,0
6.721355474058786,1.5232392306574352,0.6188187719961998,3.641081743059298,0
3.677831327192532,1.264611661187159,0.8167648553804474,2.6788734203737925,0
0.902897700544083,1.670604991178476,0.6603900324858679,0.9325925519992712,0
0.40775141554763916,1.1817858863764836,0.8387821809211412,0.08293914463928076,0
5.12093058299281,0.4529915503958759,0.822586395204725,0.8718321450249572,0
6.90937738102466,0.7734706926010748,0.9683649943683672,0.6876047207299663,0
3.410663510502585,0.22694704248117814,0.9623468091392814,4.386696766904905,0
2.579416277151556,1.319968092068358,0.9086111001006079,2.7760040579973118,0
5.296505783560065,0.48370458180090337,0.5465513839029497,4.486078789766633,0
9.004180571633304,1.2662029145465359,0.6695148955243504,1.7460478730633044,0
7.259556788702394,1.7942205199051542,0.9435432121325587,3.899377729288119,0
6.420316461542877,0.16827992999009767,0.5808143570473069,4.492770942635397,0
6.0642905965958995,0.018394103233259296,0.5507357714330161,3.317508845540279,0
0.05061583846218687,0.3216161028349973,0.7743668946832931,3.459475988463466,0
6.519612595026006,0.44853861892111957,0.8560896106737679,1.1862454374840004,0
3.2539969815926773,1.4929828102360483,0.8248164495236073,4.24611705247089,0
6.576128923003433,1.1366172066709432,0.5468373839140462,1.8385790152971677,0
2.6520236768172545,0.48797928675816715,0.9865052773762228,1.965488623333802,0
8.920465551771134,1.2622772519945258,0.8974056517708242,2.5131854655259604,0
5.769038846263591,0.9850353876377278,0.5976214938990223,3.6122605763075266,0
2.807723624408558,0.04863193286290768,0.822736147953584,0.8855533970352447,0
9.404585843529143,1.9078571540051747,0.9574321951102243,1.8507935012772219,0
0.15456616528867428,1.8566371251754508,0.7140920741586572,4.833274095218348,0
9.636199770892528,1.7060189109347201,0.6472244460347929,1.9254886430096263,0
8.511366715168569,0.6338440103125553,0.5847463733430462,2.784006312291751,0
9.36154774160781,1.392059593349946,0.7850305850446825,0.4858824688538427,0
6.150072266991698,1.9801077002085266,0.570042007618262,2.591648261818684,0
8.773730719279554,1.4815372355084089,0.848507870497634,3.5124204199355464,0
3.5949115121975517,0.5871836885289867,0.9046805777392568,4.050566973395904,0
8.670723185801037,1.8264811051129426,0.7556711994304689,2.507581473435998,0
7.9829517896677515,1.2999278615555303,0.8509834386288517,3.978963347180505,0
8.900053418175663,0.6759903137030716,0.687791476319972,0.469909699204345,0
5.78280140996174,0.07188454759348417,0.7327990090662301,2.713223173537883,0
2.865412521282844,1.1816665211380215,0.5152501249695247,0.18674094374607209,0
8.226005606596583,0.7203812828225258,0.5635302563259423,2.611216300274022,0
7.699935530986108,0.43164205499368635,0.8114452379095001,0.42673732496884,0
0.516817211686077,1.062709263136296,0.7703175608050532,3.187149507491033,0
7.260913337226615,1.9517041589250692,0.7581501741505976,1.6147823647062298,0
7.9518619476870365,0.5416645025241484,0.719485710352818,0.3922819067113298,0
0.2535074341545751,1.9252968293558501,0.9179900602561029,3.47987103046849,0
4.089529444142698,0.34658864014169155,0.5782185213355431,1.2512144908229765,0
5.4922666470612045,1.4291918454001247,0.8300986883588657,1.3996694847297142,0
9.54865280663194,1.475793833391537,0.7771770262557003,3.058603731171761,0
4.196000624277899,0.4954619790023149,0.6779863393256308,3.7892305523218455,0
0.14393488629755868,0.23214528101383247,0.5230013210108764,0.20364401159485068,0
8.554605840110073,1.4073157187600474,0.7370869145436626,0.4891708032550074,0
4.916158751168323,0.9469435415611314,0.5866009349550076,2.169258246189865,0
3.9850473439737346,1.231700196104433,0.8175468254338218,0.2265200488602226,0
3.746126146264712,1.2517198314284728,0.7515681292900438,4.282449205941611,0
6.58693631618945,0.3258688541628594,0.5352843737002149,3.212096391031578,0
0.26511310541621813,1.1715511625469266,0.9701151207124787,2.877370889379395,0
3.881699262065219,1.2865764368847064,0.7291264452457583,2.728083946579675,0
9.41464808776525,0.7722052756015485,0.9805952819119571,4.526753209780319,0
1.9579113478929644,0.1387226017503309,0.5503890006887133,0.09110912825774864,0
0.944429607559284,1.3660135468327137,0.5355943242301144,1.5948781514688064,0
8.448753109694545,0.04654387147165173,0.9072342412944678,1.4092738738669996,0
1.1816482762165625,1.3934743307283013,0.8144714233899419,4.387360067635265,0
7.350710438038858,1.6069618607696972,0.6410172862856532,0.8871977188986141,0
7.506147516408584,1.613669478534528,0.9952525710003366,2.0630883845571324,0
3.720180857927832,1.5528259214839937,0.6704017701265089,4.653786628017824,0
8.584127518430119,0.8579880547500367,0.8754355338957487,3.7727143704234116,0
1.031238688359326,1.8051058133591333,0.7526261862239285,4.132287330538708,0
3.2004960103061175,1.791046456992401,0.6946008393670815,0.0541882574014918,0
9.053819764192637,0.18257335357226712,0.6596568187952074,4.750309835254025,0
9.506071469375561,1.1468757762465722,0.8159186060848996,2.2422276098915987,0
2.9321077169806453,0.6573290907398319,0.8362592280385193,3.7618726471884,0
7.915790437258485,1.5792362855891078,0.5456030515243452,2.472101523512907,0
0.5755876001664428,1.099057764647471,0.7207652506866885,4.438520913791499,0
3.5091501255207866,0.23413403285521173,0.5714958410264179,3.8075531585873614,0
6.182180633162611,0.2022453522455805,0.5420534030574987,3.5048456572955997,0
0.7276300636419353,1.6437201185807124,0.8531211135782482,0.4067439032094988,0
0.8483771408519192,1.973279157002351,0.6871353978780601,1.8532107353344545,0
8.127995672575025,1.8944971547677174,0.9930005319114354,3.766890926294708,0
3.762595855309158,0.16700143339733753,0.8885734579637183,2.792021248679025,0
4.242220092469763,1.812708770189472,0.5555987411530756,2.4631255214542955,0
0.11353644767419069,0.9373212839882525,0.5281516378409187,0.5940895813403596,0
1.1752624677710488,1.2984206042321271,0.8730224396327116,2.916843825485798,0
9.621725484745419,0.7497411590474081,0.6428560431409304,4.342995640947302,0
2.235958385194526,1.9264450788812226,0.5060772373449082,4.849394133538195,0
0.43159911950576113,1.7822862273961422,0.76385055454315,4.964823980596502,0
0.7379656473539886,1.1077085688026416,0.9846512678095495,2.615489220850744,0
6.293986381352625,1.3914973779692343,0.7272705323838866,3.137790400420317,0
5.843143119231002,1.802316020981978,0.522723190170729,1.4048159479611515,0
9.504114840765588,1.7805275677818326,0.7278283763928565,3.1006629890076836,0
2.7738118298113266,0.3762423194475226,0.7318492024699911,1.766761140130264,0
5.836561118508721,0.15546927392996968,0.9871974038330833,4.931053722398015,0
6.981617140197452,1.0721927326882408,0.6547638081431639,4.068975098534743,0
6.847311725538793,0.3252338786897826,0.9554635922469212,4.112686214615845,0
9.49799913291924,1.45143901677672,0.8067075979678949,2.0912151814530944,0
9.327284833540133,1.7321277790008167,0.5226093350530947,0.13183487248626002,0
3.7646336687804958,1.6211066615636658,0.9936380646574723,0.7520844555176409,0
5.941307153521351,0.761781713262043,0.9849571989073016,4.210594615678543,0
8.383287047111379,0.9373863195899406,0.7074097511688326,1.3670353596535312,0
0.5637549665092711,1.7294447525101064,0.9064505045650388,4.998588366430653,0
9.966368370739055,1.110863411205255,0.8844937075902553,4.72382864941214,0
8.496473906774115,0.4946962034863953,0.7252720676550468,0.6457970757574749,0
9.540510272587223,1.21234926890176,0.6143214027517314,3.3585034220292838,0
6.181282404578958,0.716325436065681,0.5567787960998145,3.357865977963998,0
5.2030770090379335,1.5446367834712786,0.7600817505559967,4.2609075015927,0
5.519068387744856,1.1218759430707725,0.9383268013291726,2.0174143310619854,0
1.3401522845064073,0.057565352626677946,0.8775686278368096,3.1015477567673235,0
7.0407976809922355,0.42592832301782146,0.5681857377933849,0.07272332833940964,0
3.5058755880659698,1.1798353737092662,0.6961220225498661,2.1873746101186455,0
9.041586944937483,0.6965109340466007,0.7569947445799055,3.9182650637057153,0
3.9654278232127016,1.244173400455747,0.9311818543733725,4.747603118288211,0
1.4707348092903794,1.8531752503229888,0.7460581465397691,1.2912219414947916,0
4.591357562382613,1.960065150570954,0.7463090469964349,1.643758051437541,0
6.334008543167258,0.48029123755638614,0.5379316640543319,0.6443986095532461,0
1.2804583895777244,0.3038053870245887,0.5694135863247051,3.2043737240160732,0
1.8188008439914483,0.6913345666477264,0.9483942049530059,2.3698082013143615,0
6.675577385210271,0.3446397424032597,0.5961445094043354,0.20434308133239432,0
1.6893506307216455,0.5571806780639172,0.5885052421383734,0.44351266878527806,0
1.206358711006008,0.9215575360654515,0.6031668592028963,1.8213493052403773,0
5.034172708548569,1.3807896572587306,0.5196560699205495,3.997051994545213,0
6.279003894909078,0.16351806389774382,0.9367893120533886,4.604362002659066,0
0.6107795985486375,0.5537552962944075,0.9031006398965307,3.7412984519182917,0
1.8452101935637732,0.4186986466734206,0.685236051395691,2.4226149259551066,0
6.1825477153029595,0.7378272791395448,0.731267358066574,3.7373546906687825,0
0.366832028905979,0.5048738886880415,0.8566747929422762,4.476034188435997,0
5.116774421156661,1.0642269705306313,0.553586005669888,2.237061834117273,0
5.326172664550231,0.4849410072694593,0.6346216154746904,1.8864208155231132,0
0.20071197777726368,0.6441583311663566,0.6057240034982723,1.6374867608895731,0
1.1976213181925122,1.78105456147979,0.7967962267770243,3.395511595722448,0
7.891712386073383,0.9968843978581146,0.5434601440437119,2.685532709092739,0
5.868411180208791,1.49087894836866,0.7158297731148398,0.6379015139778188,0
2.8377590579872445,0.7261645927972702,0.8229586206658006,2.8538915233445596,0
3.5609672589784624,1.9730304975859594,0.8028874096784435,1.1861339586799724,0
1.0178247262040374,0.30571827836866405,0.622978864192254,0.8034068662977784,0
1.8656702405130576,0.5701903373876942,0.5866867976473774,4.483827123132126,0
0.8023374566164221,1.0490227791405093,0.7051984134948308,4.911893084543032,0
1.1203890216805235,0.7957111980914833,0.9847352166376844,4.327535629469901,0
8.1707207094928,0.5158056540898797,0.585443793695033,3.343216099622155,0
9.293759891275858,1.1135257860278596,0.7858063447349499,1.3998954683014209,0
7.694929331919369,0.37408749711504674,0.6618396182021218,2.127182193082084,0
5.07610378684455,0.4848194648301605,0.5574184123696018,3.0531002122081627,0
2.8863055324025577,1.1624764428452246,0.5771813576371012,2.4057005092740873,0
5.325894325515859,0.10364707364485382,0.6683021390969603,0.6720733846948712,0
0.6337497047276774,1.9799204647798905,0.6611769224873615,4.049372229273175,0
2.5464065476376385,1.3630054444478585,0.8801139299448433,2.9781937030392216,0
4.715761885501584,0.8236818282945371,0.6744341332714976,4.64764572123913,0
8.306194077877292,1.9300538213330252,0.5621486117427723,3.6543373760182214,0
9.383404568210379,0.3624661323313203,0.5332481336833887,3.7056032464502953,0
5.744731131799119,1.6836575535165441,0.5698861883131447,3.976336559299451,0
2.0162732004774453,0.327311885731409,0.5821328989654965,4.07287360115691,0
6.651972206962001,1.0461308495382386,0.6794152420617512,4.386002704065541,0
3.924451074226354,1.6331988789431542,0.7195674542851092,1.884722147124538,0
4.626797856696064,0.6027557483282842,0.8738046900881256,2.513601950462396,0
2.322126951468173,1.799149146549137,0.6919456106866058,2.717764305569943,0
9.06472110964547,1.2484759918279842,0.5584490203541821,4.699160618067376,0
6.277080530714178,0.6698112293141723,0.5696360363316937,3.9701259463514798,0
6.200727559285135,1.066922183952643,0.9469462915254788,3.9429860561226535,0
1.5167487973275118,0.6234441355910965,0.6242445699072329,3.719731462863385,0
0.3353243473577938,1.139779369742633,0.8812293428703453,4.383828183808747,0
3.4208174871590744,1.6425146093440257,0.5553158684776036,4.232261458672591,0
1.2748866233198242,0.7945745811207345,0.8986476828897768,0.7495871367438689,0
2.2925139523264146,1.4445051367861326,0.8600182682730372,3.2057381644264864,0
6.939484444671001,1.0854488866951923,0.6258995294534764,1.7284799675195972,0
1.8159771680142567,1.8169011226672567,0.7916958973830602,2.0042570838181994,0
4.620058036441327,1.8945666792236306,0.5766757015580402,2.931149160083986,0
5.05888678884466,1.2229084708692957,0.5090550919104202,4.360619544720757,0
9.321182824836123,1.1302663671784179,0.8483254119384461,4.612496905886479,0
7.072386343133986,0.3050780858285227,0.7881441800834066,3.0335752319142797,0
4.24130671302386,1.4728884712494457,0.9671835073845074,4.627842564533882,0
4.508393714041321,0.2264760916815105,0.9924205994811672,4.194490432229671,0
1.2466268120326685,1.8416837652347446,0.9349481810310641,2.5941902856303605,0
5.912754357449293,0.7980054077402605,0.5273808194110157,1.6759862082295047,0
8.028534485980114,0.009264046009205718,0.6667495858455721,1.9908434679547167,0
5.373956029379229,1.839711232825521,0.6731729971829806,1.7347660094811386,0
7.3750124810974835,0.9044358817796143,0.612302411469991,2.262197580663467,0
1.4085702037979986,0.3527739730124466,0.7491838863697399,2.0946272475227397,0
9.148459010681,0.7247877982332662,0.7902941751390218,3.1613214395976517,0
0.13094456588333636,1.3270747440334212,0.5890179834348757,4.805351587347276,0
1.4866272775311296,0.8292482474540475,0.5426748340393219,4.984371259229737,0
5.021950103312426,1.1907700346400876,0.5335382386942138,3.749802351995889,0
2.0990559309558576,1.7961085788814275,0.6025698202410036,0.9534386033183329,0
0.3654966784809488,0.9441338902199985,0.7824205666313082,0.32854319714176183,0
7.755276166950106,0.9065776694960552,0.7621951346637901,2.2038137346911406,0
4.00763060875326,1.1192806626164358,0.5776201229653563,0.9096406524763556,0
8.617856210135173,1.8922309242672655,0.6866546581398765,1.353723365717769,0
6.439995432390157,0.8174683421961928,0.5126931778301724,0.7807629868309518,0
7.159722288473976,1.3178478838203027,0.5135479962517417,1.109860809664747,0
2.310747965880714,1.3437854871974568,0.509855268877182,0.5205429099228692,0
7.999160853731894,0.3570893241086672,0.8263730539259373,1.1909139052336326,0
0.9944139275934516,0.48634438199890817,0.8611334659278296,4.278482340531429,0
8.302198645669916,0.7943670592369096,0.8340425682853231,1.0249214770791049,0
2.9314773026101326,1.7926716370422395,0.506500961755368,0.4275426542723404,0
2.078862551460273,0.05306440774763943,0.5907177175448987,2.915207804848461,0
4.214245505924979,1.7853434221539497,0.9087217808692205,1.7090867584893799,0
2.594234334312925,0.7593848163345338,0.7951474712574038,1.3403182041143813,0
6.24148907849134,0.8188233043824809,0.7760235904259901,2.1806326456765834,0
2.9446575954191765,1.8969066139243134,0.8818028970798804,0.7005658788322627,0
8.684679758979128,0.9748623964990273,0.9472761134470458,3.999276279736576,0
4.252135044692334,0.044938616640234796,0.634338679692473,2.7081710733043347,0
6.334782198261473,0.5157753708664046,0.5696780370364121,4.174651183996495,0
9.84402180703552,1.0513803646053717,0.5858396429241517,1.3615366325968448,0
0.18390676547466733,1.828597613120998,0.5588755414450706,2.882582377571268,0
2.74055220687206,1.1083560050315868,0.8257101941759322,4.1487090185360085,0
2.064212717606032,0.021991657316960955,0.5684428150344036,4.500093209240525,0
8.738900775625153,1.1948262043406166,0.8002584302168267,3.3251833727312774,0
1.753712786234496,1.8288238918499196,0.7093852624460366,1.9156926412474873,0
5.189177052828375,0.09393193355011009,0.5831416843780397,3.6901680821318523,0
0.8279866792512647,1.2063042189327764,0.6226745548406605,1.9464780702098827,0
2.8869373677069987,0.7113454329298983,0.8595229525921227,1.4856085781158752,0
5.664046402968972,0.9521008043981993,0.8318355826813241,4.68414869662379,0
7.325720972102503,0.42988075718151353,0.5155915675306424,1.3113202214991255,0
5.9507793070025485,0.1028516269685007,0.7481831236006182,2.984214244584446,0
3.3424389081696084,1.5418244074916438,0.5532991265668858,0.3756889086790438,0
7.281887562036033,0.9909826324123969,0.844201198213868,2.174136693018731,0
2.464020332391068,1.6382046353483994,0.8997079394844896,3.473482354272134,0
2.7214513722996267,1.1804613337381742,0.6804869484700133,0.45791036663317075,0
9.173135754622429,0.2736372618379228,0.9751186769104012,2.230028864789779,0
1.8513292883861965,1.0838018947567163,0.9364729179382041,3.661124432047806,0
8.065611478614498,1.3175667334214347,0.8461382822589263,4.2459782578265965,0
2.4966800885918596,0.978849927286281,0.6106047209098011,4.938340039983235,0
9.440593396866133,0.0788536227370118,0.8527875862578442,4.626241587078329,0
1.8057534512733353,1.135890461105259,0.9577441487940209,0.1697298929289942,0
6.974202672468399,0.5946980147451015,0.9621980976882651,4.855291225826839,0
9.442664891134338,0.9484284333149275,0.9310213254946567,4.222746992675352,0
3.1910047324325563,1.6578309483013547,0.5185038173577463,2.981349392410265,0
2.3000883728770303,0.24113377155455762,0.5384766008146046,3.4814438793906985,0
3.3987496376806616,1.449533543057523,0.5326781703994712,1.5764516891530516,0
5.394912923753372,1.581446329677927,0.659376251466035,3.1294568821850453,0
8.85977748236187,1.2317263763646091,0.6164797373768169,0.1220039077826901,0
8.700988739009299,0.042538821700774276,0.9373508363420997,2.64468567013606,0
9.390676985128962,1.5975664715473308,0.9989670552666687,1.7535590772585508,0
7.671882889311269,0.8038618272184843,0.7399378101519545,3.1375273160918504,0
8.736771141863388,1.9681669383985902,0.8841367069322591,2.088833910836669,0
4.213570022770702,1.475164603177783,0.6193885728841512,0.5523705656569733,0
3.546221576407765,0.5744779833081635,0.648154060227995,1.1680387552495497,0
0.42093189636361883,0.03574786946682762,0.9938611948680158,2.138865668679312,0
3.8432664715968166,1.3592945653861397,0.6091269439325321,4.749805919751127,0
7.863450144155521,0.17882200462451903,0.7087903878924642,4.395591537810823,0
9.447320222914103,0.9348030224997395,0.8067056946053539,0.8351697304603761,0
9.911686261369766,0.4633434027668868,0.9713658870675628,3.2482332449618423,0
6.077367948788591,1.0253770220330172,0.6153349058588793,0.8826401600275413,0
2.2048620907017535,0.37287652428850904,0.8897922367833766,1.7506262958336505,0
0.5784267656339637,1.9382052602816227,0.9418929424817128,4.638761415976065,0
9.949078226464353,0.3477904984389746,0.6981210094513294,3.7911923785204564,0
6.960206180537922,0.3077918126797101,0.9079165624953089,1.1222028591833033,0
2.2381761482262306,1.0739488457868271,0.7964699674208515,2.9004310391890558,0
0.9148683739775487,1.7549217252607607,0.632800021294353,0.6475746064140209,0
8.887480798689772,1.9113029964595067,0.9310638086327253,4.04758037362439,0
6.552419806390217,1.1017147412182786,0.5434933799557051,2.0422660653534934,0
3.72688517012314,0.5195075675206524,0.8617100568442925,2.4793786753938543,0
0.8104621590764793,0.44036640389962267,0.841629381829798,0.3806542974515009,0
8.512069140487688,0.9902930540279486,0.740293288663324,2.962038923297588,0
8.246809659251491,0.6956184158043861,0.8390080762795318,2.8286598199789554,0
2.6702827016942132,1.757259972710316,0.898713010803464,3.2922591732921274,0
8.505817290942419,1.7345884019196047,0.8541814883575174,4.18506664181836,0
6.974714616692836,1.3602815435206008,0.8093056891075922,3.763583197788206,0
1.586051052930737,1.7617415183978569,0.935921763872616,0.14623641517279573,0
8.258167505647627,0.2577397349468904,0.667559427129571,3.717541281458039,0
1.607598960483082,1.6359340482381244,0.9160670889788709,2.537338668804181,0
0.0638587171683358,0.5740762663498256,0.8084634591878711,4.9059308901371175,0
6.3181352701666835,0.5196071621283196,0.8170028515498057,2.6999268985792773,0
7.798453951511436,0.21396127765391681,0.8805139512510141,2.7063328933805515,0
9.629920038589946,0.6837443320773722,0.816310946566974,4.660140527550087,0
1.0250972799067926,1.8744569744729023,0.8439428611504067,0.3391852955258595,0
3.0096356694681625,1.4163441772905632,0.5336753007343858,2.9108523008813663,0
3.4588305695295674,1.2418310355349542,0.5228710169062565,4.357684030761881,0
9.734889691773969,1.937755710571383,0.8748259158714624,0.6504312006531598,0
7.582631959290226,0.04917383291760302,0.5110617757644986,1.6180510957477061,0
4.886431904046658,1.5408148356155864,0.8416476883032527,2.229513531883742,0
2.736266662816659,1.9942490003154223,0.7130906511179864,2.2569351216483775,0
1.6362382119166918,1.5896190974998587,0.8468411128907443,1.103848063943802,0
0.823810456158427,1.3609986041494262,0.8272556071405677,1.3662976349910467,0
9.508635622504103,0.30211578356180047,0.716167400521301,4.718079600837994,0
4.197273169261223,1.277051895328171,0.6987971989813971,1.3710760117433503,0
9.839776479598282,0.818668012630086,0.9470496018395672,1.149773029455431,0
2.131047040250833,0.06226816576902272,0.8258334126879425,1.8426317186188057,0
8.64358249839637,0.9464198133831143,0.9840967139573609,0.9276275785156057,0
8.686231679556109,1.5531937055834835,0.885460922322026,4.223916140584438,0
7.610239909429989,1.2524406432628308,0.5656224388411938,0.16263089745625958,0
9.208478478156868,1.233300629041476,0.8982686454880882,2.4076117575627505,0
1.1730818896239448,0.2503715844051009,0.8427826436144856,2.1515294744973135,0
2.005247267003367,0.9831890934828738,0.5321044685375671,2.909857009571994,0
2.6899340443509767,1.5951182012743763,0.6551809794617869,2.276100745409006,0
0.11620539908100636,0.14489377558911776,0.6962467782033424,2.3996941735856177,0
6.000205481193037,0.5833251574186065,0.8474909430632713,4.300611985946023,0
7.7985098889334985,0.07923765069671429,0.7402534736289145,0.5246508920908743,0
2.4204501586252745,1.973325186534293,0.5712477714507567,2.4944407672567803,0
6.181557343181191,1.404929941088208,0.779824341743457,0.048854237095918296,0
3.2646130824399187,1.0354232867694229,0.5439332495724167,1.7531346560459038,0
0.33203108791366565,0.1571569943100415,0.698461638100798,0.6635787702153018,0
5.675408482615581,1.3789299382745315,0.9002933495545414,1.0007512212240504,0
1.6748258225906976,0.2091356806688005,0.8182151247718183,3.5323786324345057,0
0.3158614482564204,1.8724244924873796,0.5259856418257363,2.7064816765053523,0
7.090605194509164,1.7419382474921712,0.8570434660662138,4.008640415348959,0
3.3945019254280604,1.6296502274930245,0.5400574231923376,4.474083280302638,0
5.475923761537363,1.6345955399249874,0.72615914225915,3.2178884759826247,0
5.264026609361132,1.4631790435106637,0.5408149910152948,0.301760419952819,0
2.4710323401014644,0.3190893602263767,0.9358917832961009,1.0960699367902216,0
9.758652558191313,0.6737915835422137,0.5910589578443497,3.9484925357123957,0
6.587077755008761,0.996391432906278,0.7776817754688157,3.5960088913613193,0
2.2845474133129873,1.9926678321134839,0.9873965810733916,3.2516284317346846,0
1.9954245092914513,1.3604564848625826,0.5360992044895879,0.15326251102903032,0
2.576828885112137,0.9252459134786326,0.9341362527041903,3.6358453488315403,0
7.42706521199981,0.8509866688961507,0.6729674962734815,1.8551938149230134,0
9.876495637360579,0.08021838282496496,0.9335157480612243,2.893377042861967,0
4.386154191895905,1.450515320830273,0.7433344707123515,4.367116190408303,0
9.007018640112586,0.8434418537469108,0.6384138986175258,2.961751642966811,0
9.12363345616691,0.42132437801133316,0.8114832917817414,3.1578011004626028,0
7.33113022415281,0.2631353702545196,0.8579124823410442,4.545162603328205,0
1.7968310887024197,0.4750866498477553,0.9856975470208198,0.9048847635474488,0
8.543850933695792,0.9845557128960696,0.6236155372015886,4.353749506362557,0
4.453052550026655,1.0296347078593804,0.6796166846998828,2.9647542571746373,0
1.6352387258502277,0.7821630733035214,0.9847061611676438,1.2906671635056377,0
6.567366645412922,0.6503801284493897,0.8867365628433004,0.6543683035917491,0
9.698210450785448,0.9075790827672785,0.618025231673232,0.3674837366500633,0
1.6975790508754074,1.0395478971120353,0.6685015882156431,4.144416829413047,0
4.308875236618059,0.4974285451752598,0.8085724933020151,3.533886084427229,0
1.6704190790094986,0.3352384325766353,0.5183357134667714,3.6820100753282023,0
6.638045276218051,0.9492617514996278,0.9220852244845985,4.028350764750266,0
5.853543643967521,1.7365425610265173,0.6029206050183842,0.5595980969886394,0
2.697496115169896,0.1141737121786297,0.765584764000516,4.683028461474807,0
0.39343540668509647,0.2442198280200536,0.7260995141417177,4.669375087639525,0
3.161561049767505,1.0144696173767849,0.520786429525196,0.7417160048104443,0
9.86630122958847,1.930237392872091,0.5024699904672048,4.759058927116195,0
6.391199378155004,1.7358365890400442,0.7273699278169296,2.5779801428962514,0
4.888465802569202,1.3337285150922087,0.5698256273781565,0.14986794936338976,0
3.079299415911909,1.4093615254732934,0.6009267260614741,3.3671621666245866,0
9.699120461072704,0.18780143157883677,0.8363010591125631,2.2187510965228556,0
8.681422543775053,0.3542995788947718,0.8463129761130823,4.190576448240551,0
9.446142194740233,1.3664960565792916,0.7485873820042137,3.089236201006069,0
8.689049844787181,1.1412194932776594,0.5151935298484185,4.654743477534889,0
6.895267510315612,1.353026771554493,0.6078375761988586,3.2944273511632858,0
3.938644056541585,1.3024659540829842,0.5532965151539954,3.2892265230151803,0
9.994137257706665,0.09642407772111206,0.9885870921106586,2.034539803614353,0
8.707534503372592,1.564770968116547,0.7835081304933339,3.6922460462566327,0
8.78515561301348,0.808280643302066,0.6635165807816193,3.3379669278179236,0
8.078459419412585,1.5245702695532315,0.8989068244293172,2.177916574064665,0
8.178342161750216,0.24041811074121688,0.7722445489804248,0.028793302490607853,0
3.2458582990027027,0.7329230697427958,0.6980863458046277,3.477336033449311,0
3.885581012703457,0.8973872452450613,0.6187720654371638,1.8662589581467004,0
2.2726962726315145,0.14639184753688728,0.801724296690689,3.3410639927750814,0
6.194903460096145,0.9269880876011447,0.6898928900896149,4.316668247859126,0
5.190817851362181,0.9583637552594619,0.5128210329032179,1.7062391381307818,0
3.8019561878585706,0.797645561793801,0.7900861846136662,2.6680127336343924,0
6.079050927934446,1.5297665230842565,0.9064928693580467,3.590615381132472,0
9.555236959549347,0.03646516535272326,0.597888992841773,0.0378143748907106,0
6.47474714154603,1.7960610978999738,0.6217411482881496,4.635172723981533,0
0.6026739028956085,1.8688720536110286,0.6758113436198172,0.5071041422460826,0
4.858717591863257,0.5135531354410159,0.6424364509809615,1.5364498246314329,0
8.030258978326634,1.078322553350509,0.6556538495780018,3.0516689165545916,0
7.161506742231936,0.5452480014670675,0.7067745507626757,0.6094304666847378,0
1.8114934953468032,1.3622357079299656,0.5907191738478135,2.6258169183353006,0
7.090462617224327,0.21375384618948767,0.7836561098144518,1.2828139185068188,0
9.629268752375799,0.9670912934398495,0.902996274887579,2.7511327107813086,0
0.43412532854819164,1.2663027511880447,0.9757016711033285,3.008059100731656,0
8.191888594267901,1.7684129266968156,0.6140398859744662,1.0602241995411332,0
6.1098098885099175,0.8220569396134094,0.9199306514333602,4.500115616990056,0
3.534213793027181,0.4737411179489641,0.8902627576219309,1.3740301777406805,0
8.226143185136785,0.8474765072975257,0.8337749496457352,0.4776765691733409,0
6.23859324676573,0.9035353574744582,0.793304231587737,0.8400710387243171,0
7.368737449441821,1.725594155086457,0.6083699000453878,0.47857277760080863,0
0.23638586046336396,1.283943000886532,0.8035470180443904,2.73348706357035,0
2.3194709611597544,0.7818119918110293,0.7972381675930865,2.483834294295847,0
9.877855202148872,0.27287950511346626,0.8475722770237969,2.0215938405214606,0
4.281996149256147,1.4351955313163525,0.8462180756621849,4.956279968510941,0
1.2839428945412523,0.20821929876833267,0.8621694085643705,2.8919345850320455,0
2.7416066655980584,0.1588387379779732,0.5428291247982153,4.470954373320591,0
1.918673247187429,0.6467431242310415,0.613328201113494,1.7749815291596867,0
0.6942384274609337,1.0381195818165407,0.5338062817961075,4.001782539111808,0
2.3371208191043302,1.0800238292090212,0.9400395437807292,3.2543868452359708,0
5.329577865513353,0.6486675062307512,0.6665009565290989,3.3474347759909504,0
9.941393612211675,1.3236783796987572,0.7788917086850125,3.6532525511962306,0
4.652056122837181,0.12028468520157043,0.7811484079389549,4.788126422526901,0
1.7530294235765964,1.3800097816413315,0.6004668443295282,2.6791384223654062,0
0.9667644964671962,0.9007418725163703,0.878081664447623,1.7378576211949104,0
6.64911724487218,1.5908999215794584,0.9635889097397263,1.1732104092772677,0
3.993159158093081,0.30483202666083486,0.9962417510791877,4.635004839621477,0
5.399571302805596,1.6840665887528425,0.760478988636021,3.1179284400137988,0
0.8912443211601662,1.5105408409936159,0.5638567418176175,4.130338151262642,0
7.820280876703859,1.4174893954859529,0.5180801902623811,1.515641779726643,0
2.631125699108429,0.7202728149430382,0.5438213733819193,4.684789115155314,0
5.538022407123763,0.6110486213160471,0.6984907585371417,2.236012702524178,0
6.005943333606173,1.0313588553929955,0.9596959866072087,2.484817414529151,0
9.921580148233126,1.7028499154901915,0.6042552571786679,4.652976073219581,0
1.163663978854761,1.6348994169823832,0.69031164673829,4.389871602225347,0
8.680566901074503,1.6118508002352423,0.8950152181535307,1.523395695490204,0
0.8091928305125218,0.8059603575303229,0.5867622574932543,3.4747554445123088,0
3.4609972653778556,1.9512204017198298,0.820486038672666,4.112402818171804,0
1.3252467274184843,1.7240289645452451,0.9613785952566971,2.4353095940946794,0
6.062529377509774,1.5296196018059909,0.5874193136302063,2.5128303823172122,0
3.986630277723131,0.2927479843244982,0.6837672111457658,0.34086154692746784,0
0.25811906949486985,0.2703325783096455,0.9815575557945869,2.747647679475085,0
9.6582216115322,0.864995756660264,0.6559080665426298,2.5307093142012205,0
4.3951168863291015,0.21132936852348783,0.8204131573451031,1.080190912547998,0
6.195879548978295,1.3004021847963068,0.576012426564324,0.3067481355533408,0
7.807615860684399,0.9196008475386404,0.5290818977527378,4.9743315858488355,0
0.5778056099636664,1.3900704577171064,0.9918394626317069,1.195900521079628,0
1.4224936868719618,0.2427698788448578,0.6516375737837978,0.5052290550532335,0
6.9216134169413195,0.12458359626012538,0.7547110640748949,4.983484269264884,0
8.139702695060189,1.2304388764620218,0.6531268103933059,3.1194791814581926,0
5.270414639116517,0.852166767780743,0.5653551883700998,4.433021076202333,0
4.497846488213225,0.38924502364153013,0.6838796754386448,2.0706487626446353,0
8.275378955668742,1.467228761122804,0.8846524468206699,0.05515632214323607,0
4.161539981797615,0.9626883032706472,0.5095961384115284,1.299066043725171,0
7.60289823122135,0.2742194114579981,0.7676550657262958,1.0760093600861875,0
0.12120774643893273,0.48240291519908296,0.9879368774550269,4.007685559414948,0
9.595766443210334,0.9757080878527249,0.5548680993387518,2.739797444868465,0
4.543773345599609,1.688714165479232,0.5490412903921222,2.441205685108891,0
1.5004866469398426,0.64935185378012,0.8686785386938998,2.3800906468438328,0
3.7588828514576935,0.7889525571400706,0.7297233842029933,3.9250827191852844,0
8.920846889402345,1.9106693730078566,0.8934516931276475,1.5770344787400636,0
6.881347060865421,0.8752062481107838,0.6273353110230255,4.204357897129613,0
0.38426348962324997,1.803523984270847,0.7307387323123671,3.1860073840414023,0
6.593539222057827,1.7902354814130728,0.8183348410836037,3.069667923800309,0
0.6665204056068996,1.0368160438904082,0.5750845004085208,3.687168843607428,0
5.122219208126745,1.3604555584167066,0.5208364503011922,0.4239600802290161,0
7.163233880626823,0.14416867199734673,0.5356283638826294,0.06054237617443725,0
9.5650139829948,1.475016718918014,0.6766257042510321,1.4826779064382762,0
3.4970322974584955,1.5493070623623637,0.8306853055352073,0.9259778393373397,0
1.7410933533408435,0.19679129942679463,0.8301513598506691,3.8218633111086797,0
2.6504642832500402,0.041889922061825624,0.5410858337382136,4.839300174225152,0
2.9544477747742026,1.5384462956762672,0.8123317844271318,1.9096981982644796,0
2.0568726219555513,0.24277283631881286,0.8075064840194333,3.87316890318894,0
6.439042535411307,1.0606042664983166,0.5209756117158182,4.842443887971919,0
7.987141916545745,0.5856440734019295,0.9899851646794253,3.0094079481816105,0
5.824226582072464,1.4961463588590642,0.9058848940450688,3.2823930366575134,0
1.2809574636620003,0.6765350119889968,0.9640418201630249,1.1230780592192597,0
3.7216702383751334,0.864153765888392,0.7197024948472261,3.0646979124726275,0
9.430758377447075,0.4813854236650099,0.560750688150459,0.9873524492996866,0
8.869249002092696,1.291621625310412,0.64295339461958,4.079734694843086,0
8.61369996363436,1.693028677380556,0.9594632668197772,1.261205100866808,0
7.550419287462783,0.92107899454828,0.9209992764450308,3.642453385808066,0
7.764474464997246,1.312323675362143,0.5887143847348535,2.7251345944846914,0
9.846697395245082,1.8747761329942378,0.5215868678985058,0.8240740786471856,0
1.317287734545619,1.451959819970591,0.9088926649284725,1.0675568315533597,0
5.05852692951829,1.6814060560224,0.8664007723831253,2.7111860274592416,0
5.903476904587729,1.01672109383256,0.6487742256594102,2.8251099642950805,0
6.888853020500907,1.7466458317216154,0.818145676989624,3.80560768521579,0
1.60071634954573,0.9231149488395798,0.5046658099135466,1.233394322608115,0
7.264617151130048,1.983619902698727,0.549589049793608,2.0074715793064413,0
8.000709686991595,0.4080712692577977,0.7775424746511431,3.665356480148374,0
6.159854502601791,0.37604946923083227,0.6776922843428697,3.9189589224269863,0
5.542265141320167,0.010459227085825473,0.8804953800140469,0.17655677470119535,0
7.457337827312322,0.4049611203304748,0.9790367400596901,1.8397037565104224,0
3.269316163380791,0.29777610066488935,0.6528021077451074,4.383253809141003,0
9.963343376272473,0.7366190610136967,0.7243053154772713,3.6103546910136854,0
8.861957804650745,1.1860886683735683,0.6957628490889147,2.0631092042431187,0
6.956181464968068,0.006436527208557363,0.8097946687299203,1.777465052206787,0
7.941973312770843,0.18598127964626432,0.7941011334741952,2.404864449430619,0
6.423255259052274,0.1297071889659367,0.7899918937140656,2.8074229397976187,0
5.606600944161709,1.2069753331929096,0.8382339686131811,4.024944998403849,0
2.6982072012821434,1.6500988203601241,0.7491278411317268,0.3852913956716558,0
0.585509292439792,0.6684766373921216,0.8924484885557338,3.5384046737045787,0
7.886149646724064,1.0345381128832187,0.7200994989777453,0.7372626335314197,0
3.2819275360931153,0.8680387323477505,0.5443002148398086,1.1030597635560562,0
5.982252940637388,1.4713262284783797,0.9991737556964748,4.665566656717789,0
6.425651995351915,0.842496106588144,0.8180886823541164,3.92825809040116,0
1.1833619092338732,0.8198097793925765,0.9199011428178085,1.91916475966522,0
5.718722712271865,1.1755387217243964,0.5922381265668197,1.811177208261442,0
3.3451128874193214,0.05239341706412959,0.5120958819456776,4.158485218378868,0
2.7307080997281243,1.0361575324776309,0.6493627867943865,4.703396225576703,0
2.5929675886577375,0.8593136254778702,0.9363651252423009,4.209667833959044,0
1.8610141784627732,1.6052866195914208,0.7290934433689463,2.414844360426776,0
1.3347997241594378,0.1612030275142493,0.8639696534868826,2.482305761776499,0
4.3685070261517955,1.4590164573047935,0.8827564494955549,0.7945408383467678,0
6.102251494776413,0.27070816455537106,0.8756875430145228,3.2847757813356977,0
9.56614621083458,0.13791603271284236,0.5285273605756271,1.4109353734660006,0
2.6170568373590597,0.49395759814399964,0.9531272902605183,1.2477309992475305,0
2.71949726128631,1.5187965248359274,0.72486992122527,3.883552784775906,0
0.6536615756438524,0.9751423873467686,0.5168068000916413,0.3132660172767726,0
9.06437453344411,0.2784907422351903,0.7662103411376086,2.055478013003533,0
3.4734332625884266,1.799666691374545,0.5109116983877448,3.3189484308779456,0
9.633944342135504,1.1203363669236839,0.9684112310165459,0.26128939643011884,0
4.187933190741614,0.5203155819241023,0.8654104824903649,4.906485452486233,0
2.565300624442478,1.308349202948149,0.5990488163798701,2.8266512728580495,0
4.639324866883362,1.9440106592630741,0.8042636363482333,1.747531860434094,0
1.1409578488793337,0.3024936574698691,0.6126584649756175,1.25483330670149,0
8.506160578411379,1.1224455765650498,0.7616954556871832,0.5738443593460874,0
8.60139693349435,1.4456286064169674,0.5338341809500008,3.539175486148843,0
5.4353821734264605,0.1634506914935565,0.7291503207643282,2.4234814356502348,0
1.6577454016327575,1.8913962940005646,0.924987685740331,3.3451116866455415,0
4.622955610006072,0.823531083169017,0.8254867335754771,2.7271593470345272,0
0.6227310588188562,1.0250052975406634,0.9032018086164197,2.29619938798479,0
0.5195657755426841,1.5725563987680662,0.6006818910679872,1.2931041744401939,0
1.647063534322959,0.6604301297429951,0.8783757528443175,2.5969292975196865,0
2.048812741507126,1.7556601563040817,0.9397909274757645,4.352892125230035,0
2.3879621138153926,0.9024786883619762,0.9924948280704375,3.8600623815499517,0
0.2716742122555982,0.1304091825209841,0.7319656884061664,4.546101029307801,0
5.387017979527142,0.9956250160685804,0.5527368499783153,3.2839005236214702,0
8.221031606002255,0.7608400150151247,0.8878059254626638,4.8223832695040585,0
2.037664591276891,1.0466592623894826,0.6435689790422878,3.9642720951691968,0
5.775933658811575,1.2691648351006075,0.898957079807947,1.9798523633122744,0
9.150900684070432,1.06605773449228,0.578977411417674,3.4794955908440124,0
7.9326135043825445,0.6335233541350533,0.9285896284993764,4.530716273828832,0
2.769044873778089,1.9670429454304441,0.5703557640243793,1.01007834201245,0
1.8422483923802613,1.7879794200157408,0.8271462761624809,0.7605214161113644,0
4.40323418368349,1.230596050139604,0.5417320424946916,4.412081842036693,0
8.036035354415352,1.0104135471532765,0.9835633076295852,2.0888048963754984,0
9.841103190364977,1.3358399976072541,0.8173356366269707,0.829774476478925,0
8.81927758304644,0.8549793758412303,0.5811167028912396,0.0630375998787952,0
5.597556836383825,1.0547992442453527,0.8596768111845793,4.4512902650890105,0
0.7940658464302952,1.4629929806807247,0.5937059720487912,4.290885265785819,0
8.19063513861656,1.0815875099710888,0.8551213993116558,1.5717505659187418,0
4.7116789893281465,1.6432737954209433,0.729632598586607,1.788991326627209,0
4.942124472502999,1.6564985048744367,0.6676040236854364,0.868807965678719,0
7.120140203307807,1.6519564254161636,0.5503187392617667,1.1993705637797236,0
1.419719897609939,0.6958828231643333,0.7251754894527063,3.7441316848165322,0
6.511475848816741,1.2418571349568623,0.6761874733048272,4.2072377654238,0
4.712871673981645,1.958209876030309,0.8170710691478684,0.6313237078225137,0
6.7617756207543405,0.650208030863398,0.8431635983430488,0.3482057408120287,0
1.7488143717595939,1.7114745178115727,0.6135897785117574,4.1852056262147,0
2.792760884544104,1.2857638201174153,0.8470752867549155,2.5632737657252647,0
3.053106766967313,0.42528875274219224,0.5165946772812131,1.519732006203619,0
6.53162790531283,1.8766096368969654,0.935602241131526,3.830323882676513,0
7.884473432532987,1.3299698069519905,0.6301434287830014,4.535975153529149,0
6.707323119058341,1.12088126196088,0.5554947346067405,2.235277719032127,0
4.6035827120192625,1.72912721904534,0.7733241100938942,1.9020027448520482,0
9.768003285106593,0.22144118665263135,0.7112742141559723,0.21012337585702645,0
7.3990412076693035,1.8361531043983013,0.6400186647752447,4.291708383995604,0
2.9221823046189774,1.8215403232878304,0.876980951798392,4.024533884207193,0
0.180065556004545,1.925620714148052,0.8633354960351616,1.5237554769306665,0
8.29394664858847,0.5630423968298599,0.936376919783064,0.5629019520596851,0
7.036859774607958,1.0813969532898207,0.5482672350977205,1.209469141294195,0
0.1240403627731479,0.9375359309290117,0.6506326303800002,2.991787421488794,0
2.972378077086172,0.5998382230139694,0.8715965993658017,0.24071417989176724,0
9.028949951919872,1.704527748782363,0.8339023416132032,2.9661078505369214,0
8.923024981396523,0.3706603590574289,0.5394845810954143,1.1975508495476905,0
7.945782787001903,0.06934053345296665,0.7914034175417448,4.977187580956549,0
8.556960938375394,1.042891378087179,0.5318204546433212,4.156867571928549,0
5.989785081772105,0.22986599411913367,0.5469286424116782,4.548134097182962,0
6.692002629380784,1.658573598633511,0.9394894501411337,2.858861760241611,0
5.174463517550413,0.8608548206419804,0.6584732938955596,2.1729798042935586,0
7.738796557301564,1.2038468620302631,0.946261644977423,2.216900071895939,0
6.07089578718754,1.2626151061839774,0.7958485811531628,3.5131688654275814,0
2.374334683748063,1.0247275550915813,0.5521124014041738,1.9225566382240626,0
4.876670686212644,1.304448519090945,0.9752655262931018,3.0032553327417792,0
7.435939161765598,1.0125321189904055,0.8170520156881657,0.35466108066886715,0
2.54391580841847,0.7237061864102774,0.7362466775032568,0.22824372751191868,0
1.4002409755331768,0.5536286155826116,0.9857663454505253,1.6567350355152537,0
4.820410581120825,0.3921954254767859,0.8053900355378841,1.4034160775798714,0
2.0699257843842678,1.0331452568919581,0.5027528995802104,0.03832016324612664,0
2.1906880910185778,0.07344272500164228,0.5540128770653456,1.694303246693758,0
8.025856795798129,1.1440972867386017,0.7563338629782081,1.4674441160406082,0
9.317537194328164,0.7940300824743833,0.5435463833978857,3.0853325805890064,0
1.138383934766014,0.6904462856033842,0.7537059693589044,4.371112623425879,0
4.935465803401186,1.4045175320633285,0.9964084194995352,0.6574455994899081,0
2.747315255195195,0.7891521511952928,0.7109140892694157,2.0551053763277287,0
9.07611002556555,1.4280652889337129,0.8039526070453519,1.5468635893139104,0
8.237903842212948,1.9101210229699779,0.9105991412751133,0.00782552595736452,0
6.36401370183407,0.10227076288420145,0.6288036101668609,0.29762350173885843,0
6.037954529493877,1.3731798269852136,0.5572438190329525,1.9191944152248974,0
4.562365089555421,0.7381060435218332,0.5605125002425966,2.0947389509373773,0
7.511780478084181,0.14201532906651093,0.5400900070409518,1.773856459179921,0
9.417257116189251,1.337145293445828,0.8393349783362825,1.8095999541893248,0
5.9366079120853845,0.020262368055486757,0.8180480232047711,4.566434737881184,0
6.125734683448192,1.74739718693269,0.861986527733047,0.6027920820184512,0
9.024533072858418,0.13288768871154977,0.7669837362738818,0.7106856189672883,0
0.11706610730904066,0.844068520255278,0.6475203538270782,2.430002468988015,0
5.771998867345508,0.08747814461789472,0.5615016475618728,2.7932119822521266,0
3.4316735317265823,1.458346975098896,0.8261458242959698,4.228021814949534,0
6.924928266692253,0.8598621547802963,0.8364833111972162,1.3769058712770925,0
3.063134987782127,1.5779703198415866,0.723209758200791,3.9919017025917625,0
8.224223736682784,1.7151246753225675,0.9583176179206037,2.154926102566481,0
3.188668183211388,1.1643974931882277,0.6855862117188138,3.0053708340011647,0
7.055858626438246,1.3768100369842737,0.6872764435100607,0.8343010084937641,0
4.305293384622075,0.28518828816381747,0.9450485175919041,1.729387303689287,0
1.5445974722332378,0.050895519811501755,0.8229111931432421,3.1845115872737164,0
3.406041665812917,0.143423777695302,0.704814447447616,1.5560874753169678,0
6.7712063973500936,1.2115584989053807,0.68229686409877,1.0894627712749505,0
9.880359661555918,0.9080032423922297,0.8441371178901185,0.7027648378918039,0
4.855896996593978,0.055073439738930974,0.7527275589552249,4.820087035588512,0
3.8420671298580023,0.07799202514982317,0.5154778954596717,1.9399337997343475,0
1.6002493646319405,0.046704192656371823,0.8781068069750884,2.2926150444094535,0
2.8924477197265452,1.8001663660329614,0.5580694801002628,4.779594144776596,0
3.139667173773528,1.7768073446173624,0.8014714382397308,4.133536798707437,0
9.840131632104644,0.5768108756374914,0.9805677427037964,1.9474094745121018,0
3.8551190473692234,0.6807742085090114,0.7707038036737925,0.7707252158924355,0
5.537114853580112,1.083409624820008,0.880950906302435,4.168249809687928,0
4.404413503124241,0.6046664987029875,0.6296674486585472,0.9731191835243597,0
0.5764758219902488,0.6848959576694267,0.6351238460653916,4.8320869293320365,0
5.577088262500439,0.6945540780610151,0.790233800496848,0.6959835067284775,0
4.4404374920220295,1.2524686428421277,0.7444489158962257,2.0088940032716214,0
9.938483888996982,1.760629524297854,0.8117029790797201,2.8468868059114136,0
6.2066047982458405,0.4026242156448665,0.6975688716321593,0.1972976644544966,0
4.7554603748682664,1.0860491679153264,0.6138748680516048,4.820144235827569,0
9.09454610937242,1.4442864709118117,0.7666933143826813,4.349845798238425,0
1.3065234382346291,1.58101958854977,0.5624104069834241,3.971053312747027,0
2.7576756825135695,1.7541811620363779,0.9720210469126989,0.7439798470255782,0
4.626756050653935,1.9619747563253702,0.7417037179865733,4.317737612572726,0
5.887315221313198,0.7506598158392037,0.642891777762935,1.0161154554304364,0
7.617981913776973,0.7730810136460557,0.7556377311003756,2.4616274000059097,0
5.772790292331313,1.7311542912491045,0.9903696717917148,2.0379210428690846,0
8.27518922106303,1.5290555893094353,0.7867644757277866,4.780235718059665,0
2.004745155284028,0.21852842061924282,0.9269809834777111,2.1957490831687414,0
8.469688542070605,1.7861804103908299,0.5312287968095357,4.417323814930303,0
4.483190553694222,1.0208649780084644,0.8132962555466051,4.6319130336504335,0
0.1911609442976403,0.9536869366356342,0.8438610212152804,3.613534788491142,0
6.92532431537108,0.2688702588162437,0.6496977941858406,1.7935776270850674,0
8.04437207679505,0.557519744829106,0.6053524819336016,4.787240095190481,0
0.088632851134689,1.9956417113639564,0.8384106494286978,4.142346497245585,0
2.9461939634619316,0.028630555334119956,0.868934759280765,4.170722985003379,0
7.404761319535192,0.2857005746016772,0.8767139611284845,3.8446139105382047,0
6.585405156700549,1.5322318655911724,0.9229607198388661,3.068020571187292,0
0.8860471396967906,0.9752556193344217,0.5388246673358026,2.037715155162154,0
4.071064891256277,0.13201968828048316,0.6744102669847396,0.5549904939565742,0
8.082352100092221,1.8953760519289415,0.5361582376289693,4.775576036458507,0
5.225765993367451,0.5991313559077478,0.5384310376380818,2.503121340352089,0
7.945155444907487,1.4141729545333963,0.5251130057319868,0.36450917683951756,0
4.028732826326371,0.5905809880958865,0.6161921615280239,1.405022494543568,0
8.034827432968846,1.8584561072637078,0.7025513472637832,4.530555010662486,0
3.21495701247882,0.9528739726875832,0.6130144989079999,3.2023802108792196,0
9.78981115174809,1.2069861920867573,0.6789070420567744,3.239087229952642,0
1.2292067846538757,1.7773181605307973,0.7515419753899182,2.24674871019821,0
5.858647884535192,1.249567725578805,0.5358879031132565,3.413086106117012,0
2.419316803155296,1.4279052650131796,0.9112673971920984,4.019792537762601,0
5.525009674078891,1.0403397846215023,0.5714379806697059,3.876730752015678,0
2.7140938044671437,0.9933908456358931,0.6421370464637584,0.6691418149984657,0
6.2955769689173655,0.10866406964580766,0.8743226170631,1.5879339763055833,0
0.0013469300448532007,1.0222582784744596,0.5234259542638016,1.3808477891044975,0
7.069764874557162,0.12537924324373173,0.9196692461780012,0.01909961329291554,0
2.4682386920190225,1.4818081123041429,0.6581350748646534,0.5094619403300676,0
3.6023391880042785,0.5407865727690511,0.9213559510802775,1.5667395879257158,0
7.889324717760072,1.7837442896214695,0.7169087097882647,4.54971571927196,0
3.7731805396319285,1.9281568329802163,0.5446447622627865,3.435096332516214,0
4.938140404569287,0.7752976109112941,0.8163559393743005,3.519285458171656,0
0.04363269650309087,0.33390617749439744,0.8565230253171594,3.331927067891032,0
9.660475051286772,1.522075580501566,0.9753863538656691,3.512702507674035,0
2.9805220863944317,0.21072984450171295,0.8909119316724678,3.2207461073795796,0
0.4818601239329623,0.7201009318019567,0.978399907742143,2.5020057285510062,0
4.327291360197046,0.915399210318588,0.6044413620025819,1.8435358543239762,0
3.698132559871766,0.1047100403749448,0.8837838142589591,2.082522159519395,0
8.221798868164234,1.7006960022397908,0.605997027349329,3.2867674108506426,0
4.722818041629817,1.7603134758429702,0.607870339588227,3.389066001550221,0
6.077521222527226,0.5906029551436656,0.5683004518255863,3.258198802386383,0
7.385974581323307,0.6312546875267,0.8224163020111569,1.9756545380575163,0
7.132068832826177,0.3984305497881062,0.9451075013180872,1.4370479823278988,0
3.677859877561529,0.11618390416069957,0.5557561061606382,2.5793095135616406,0
2.675926767279715,1.6709604514843888,0.5073466943274769,1.8954702433596808,0
3.3734554676909267,0.03865526183520207,0.5621841995002551,2.068213374593176,0
4.928645844474467,0.8085794945097382,0.7654688392060469,2.9756583745284075,0
0.0992382112783563,0.9281903189070078,0.9817496204437941,2.5951614006477435,0
6.775422674589532,0.6237277158337664,0.8869956890763813,3.8646074093805756,0
5.212960476541389,1.9520276465584272,0.5627751073813267,0.08473832444790497,0
7.701582117570959,1.614311074729765,0.5601036145602881,1.3279141647930304,0
0.1755236336662891,0.5866172215611294,0.8865709369593358,2.5898026385628947,0
3.480955931682881,0.7434785898126606,0.5006768128577341,1.4990026378261794,0
6.464587416379305,1.9483888876327142,0.9235304134919498,0.11797482322764563,0
8.985606046748394,1.5663968265972519,0.8901880617854903,2.2899787950178574,0
3.980052929545028,0.6058314576663852,0.5328474294771829,1.1411768174684955,0
2.4660363497802464,0.9681541394204032,0.8737222032983469,2.3690491419897333,0
0.5784444944716061,1.9155796019764078,0.9713621595470561,3.925947715742042,0
9.913279015642205,1.0889646656005258,0.981384175126603,0.37802520308375387,0
3.656807482613713,0.45076253601353167,0.5979165420671351,0.7040147444633804,0
6.224136415659967,1.5626437114946101,0.7891491997101803,0.7348135479410484,0
8.111237699334708,1.271909414327457,0.6940828530634977,3.370651477680315,0
2.5990497924283282,0.690384416988421,0.958742921565995,1.452522528357102,0
4.699882681579366,1.7802822747920293,0.8538606751337637,0.31101613082351376,0
1.4730304427897034,0.015683181543833635,0.8154608951145816,2.2383671270520917,0
1.3427485090227553,1.915868242113541,0.76482986197281,1.209466470564446,0
5.006035711547075,1.3592406654702156,0.5381196089867822,1.37351907523946,0
8.069654908839937,0.9193297408053225,0.7732885710161475,2.1640800110473464,0
0.4389994264300512,0.33149955964031186,0.7227708193709454,1.0459273270396392,0
0.49979028659678737,1.6872993281036475,0.9905962645820579,3.965714369983697,0
8.53784921704667,0.48395426063409075,0.9803134877565999,0.9846285222671419,0
9.514298103618323,1.989638587931902,0.8558614028730244,4.90571865895911,0
5.695397795671036,0.5190835663521807,0.7184979428328104,2.96780467689393,0
0.7308156202701499,1.2446865292344922,0.9905889183811473,0.9505382489186381,0
7.925951162883833,1.8157975875592387,0.9718507964101104,4.8006780220272365,0
5.214596387214719,1.9546158159830074,0.8786551035672194,0.8083571811848095,0
4.7690010646797,1.436662350744008,0.6236701579095416,3.203075917744437,0
6.666004790466192,0.3253994876171318,0.7825426562263782,3.8581345548930384,0
4.988956645359419,0.02420623355221485,0.5045192345396461,1.785146719850061,0
9.26194068431782,0.45735355920721754,0.8171818444358436,1.1103793534666029,0
3.216699896595486,1.696084179202968,0.8644307211349734,0.47699638656605314,0
4.287020209864336,0.058339527290528936,0.7404450733015044,3.31217005850534,0
1.1850262359815156,0.5777698778183313,0.6989183127510785,4.597655123280249,0
9.93255015422964,0.08982259799123171,0.880503961747696,1.858620332011716,0
3.9245818622948003,1.5085299466940454,0.9592132160727043,4.754642972512742,0
5.771225860383208,0.7142423186010056,0.8937745429293896,1.2550069163115012,0
5.640740288335177,0.7171569230497463,0.8283155368539381,1.2019945644675345,0
1.9159294573482577,1.8364781733508742,0.5509018414747684,2.5297895386746583,0
2.208527829630089,0.0778599266513349,0.5180094091457133,0.8761088605291367,0
8.667703545060002,0.5649574879540533,0.9752295852876478,2.908111464945968,0
4.366141897687661,1.1601776693389092,0.7583491926131338,3.7938812687866257,0
2.8249606597285224,0.7061007832006048,0.9470471512666254,4.732282565752027,0
8.925582274864745,0.8388959879146272,0.8901827515034408,2.381678666505494,0
4.975398521461022,0.4093602181145679,0.7955651516292582,0.9306794887667397,0
3.3156469906719375,1.7100604032398703,0.6035379046054277,0.35579142586716406,0
0.690075926128163,1.8815690410062158,0.7534602189809173,2.0470603590850915,0
8.108785810079183,1.671651855821032,0.6660955165578023,3.4680902873689763,0
7.711228158518866,1.309301373731909,0.5757975374000497,4.379415417585285,0
5.390945527360087,0.5649448527400074,0.7126140927188469,0.1878554519945369,0
1.2786680122241756,1.5310935010317217,0.5000058173776831,2.0828291424114607,0
5.225101810855884,0.10926884000194459,0.9865390814861664,1.1306266562483596,0
3.0419871963628085,0.6078850245100547,0.6152083310586749,0.00736911043155708,0
7.293447940879964,1.9336909995985707,0.6121467416425226,3.3152359590171123,0
7.418963269587151,1.6968507581810495,0.7113145985068046,1.5146545282021462,0
3.252951340230311,1.4252426661970257,0.908389733252818,0.9080698387830133,0
3.7094100815776523,1.8038803934983,0.9033467598473697,4.924292013812379,0
7.542482596820808,0.7863904020558445,0.7953189169973189,3.3050712712366015,0
0.7845581631712395,1.0889939182077302,0.8546604142363048,0.8366065200053019,0
7.806317174255572,1.1675455610282233,0.9761108928487974,0.21211149103445848,0
2.6532613755546697,1.2031077585996481,0.6482799561029653,3.572120820356211,0
7.59005282521931,0.2050319281329489,0.7569272321033839,2.5444527779552795,0
3.6928077021554104,1.8658497251393442,0.9137531599366107,3.486046909548184,0
7.143266357349976,0.9234322876262382,0.960497260548288,3.472977136266427,0
7.289810616558165,1.7233818075746905,0.6370357946710955,4.035354519333515,0
1.9524060295649204,0.6906839044897757,0.6678052271349213,4.892627341945703,0
8.565372237479268,1.4023397231805195,0.863528380807695,2.8103639720128553,0
9.47090667108519,0.9925175057647231,0.6902588549349473,0.815176684657955,0
7.86205652261058,1.4688878641511829,0.6921775192620674,0.1259670697961468,0
8.389973277180108,0.022835966908147265,0.8518498898145255,4.851285548630285,0
4.376613281482035,0.4699468099919055,0.8524355050216909,4.085640710077926,0
5.464303160778473,1.9340705505122924,0.5258343608289806,2.523977991522641,0
7.184539473225501,1.725280942298358,0.5896278059538951,4.000017408818407,0
5.527070757185452,0.7931073639799264,0.5658575142895468,4.326478794544562,0
1.5727320817971535,0.6195757184181985,0.6450227659812184,4.357070170954271,0
6.72702994208898,1.5933627943827446,0.6252339493962495,3.1243704980349944,0
5.717459831437487,1.6656607535765422,0.9530435302406303,0.06078385738693404,0
6.740199190587926,0.10367159823945804,0.774429332538678,1.438163645218391,0
3.067765995221412,0.7059170069047132,0.8106462245248051,1.670249828343846,0
7.326990505902804,0.8090547711477394,0.5341766001549793,3.918799212420536,0
2.85758324592706,0.8655337591985253,0.8427219416109508,1.66228078574356,0
0.5658565614671562,0.7478420940256272,0.9722242913471517,3.208671986492791,0
6.71479148667207,1.2645643072752797,0.5994960694797185,2.0916693205114005,0
7.509397983633183,0.2027457951063183,0.6389263880448561,1.381595542329268,0
4.32018927594506,1.9607374818843701,0.533751273341911,2.5935049719029752,0
1.7936468201221045,1.9413530908194883,0.5566517523637321,2.018005011807956,0
7.378849848346062,1.4091088560548906,0.7113643184469661,1.7326208397635912,0
3.9761237855287055,0.5285525263172786,0.6026664693533998,2.41519848779445,0
2.685337560676073,0.5749233297945002,0.8283780317372785,4.842686658499461,0
6.036372005593751,0.15395893412993256,0.5377918069270335,4.75711610422783,0
2.9729079030733363,0.18413397216495087,0.7995222935751908,3.1182438914513306,0
6.485048201186881,0.5348040557150826,0.5075553421072375,4.825076847272359,0
2.508930456911025,1.352052576105095,0.8533149349393547,3.0500370853974283,0
3.129073942136482,0.5421925075281315,0.7988341413513516,4.330478168058457,0
9.467337289233956,0.21181160880751526,0.5774143062988599,4.723681293915398,0
7.365352283347926,1.7659876496595461,0.6013163170676716,2.937929355547009,0
7.011395944174737,1.3602237708939453,0.7040758454333491,0.07697445845654238,0
5.829260568042631,0.5062030783592175,0.7251271230714451,4.787905075419086,0
3.990353176424347,1.6796032133288534,0.5942703028746256,3.362302490125144,0
9.770069544389434,0.20378620174587359,0.504159971113596,2.1679139631630715,0
0.926254830513672,1.4967686993524627,0.9572743319242795,2.170104863543794,0
2.5871164215544096,0.8688066380132196,0.8617239089250005,0.04527080790185489,0
5.894539894846972,1.2265833697747581,0.8188441234479678,1.210110399904386,0
7.140527233781268,0.1827829726635528,0.5996351682334005,4.38735023327241,0
7.387231507265664,0.027491108022690502,0.6241881301849002,1.0720324149658227,0
2.7080632803697258,0.4951195405597728,0.5312631478714229,2.294702582984102,0
7.327334747861651,1.2134634494348728,0.8364358342990399,0.40574589268119576,0
9.514907101767871,1.6769836676860497,0.9025451592478313,4.114919025208837,0
9.327105081327613,1.0885079322273954,0.600141008933813,3.0839180392627057,0
7.42881493667939,1.4758347867080508,0.76072451208344,0.3422935966678903,0
3.7111293843012785,1.8415332169267147,0.792224454878713,2.691659716278567,0
2.688535143821935,0.7368978398331578,0.9476730445765846,3.3323152376341785,0
7.873870267523328,0.9086908461353103,0.815123609728079,1.2419180437160375,0
7.054608302834863,0.8552026674066746,0.7212727574073727,3.246611622884408,0
9.362806214689266,0.12801269321724185,0.9123716186735038,1.4619155520609657,0
4.439194545063778,0.04382665755001791,0.6505230389171566,2.513156213150652,0
0.5617607734743901,0.9821914587663303,0.9635553144292137,0.5269660905390261,0
7.644407280755043,0.8193421067519853,0.827586857262169,1.3011829899261467,0
1.5949226254135829,0.32092522854245287,0.5352459728215724,0.9282335245062151,0
6.642193849889683,1.763381223687016,0.9070628427955809,3.4256715493724204,0
1.1043186341110267,0.5783748925918997,0.6549034376612345,1.2497847319881061,0
5.150056597097231,1.0711076297593451,0.6784429875855551,1.76894579368218,0
8.285555979060813,1.5785856966393712,0.6538979158403728,4.5689422193662965,0
9.52815017002506,0.6534850840600817,0.6772124743965274,2.528170767109794,0
9.411208125336735,1.752638866284623,0.5512839812917949,1.963653716357081,0
5.533711897497718,1.00626494510308,0.5969315339684463,4.294083855840773,0
6.769407829968373,1.6758167497036072,0.9293821396747362,3.741779268328699,0
4.392106012497173,1.221093510030849,0.5801827030598716,3.3682270873745384,0
1.7925325573928075,1.3878991810203136,0.6147990803769843,0.5877565007510999,0
1.6528449014295743,0.003984270438140536,0.8593698089267652,3.6620052452918954,0
5.149333499132594,0.3227256021107674,0.5417771687553449,0.09564483218643505,0
1.657481769652207,1.7817110699662935,0.6207684208508408,1.7713566360860784,0
1.0534548448133318,0.44472260949634057,0.7596122853901026,3.038763415478263,0
2.4535231416621106,0.11546431845023442,0.6955164345636993,1.1710168546316706,0
2.195539232298019,1.9197256054269105,0.808150242962862,2.7843922158604792,0
4.157751035233219,0.8578886668602885,0.7704525019190405,3.4821490351805364,0
7.021460961818295,0.34338781541089913,0.7500563760383134,2.0597904751705096,0
8.705269662693842,1.2628378424367528,0.766252033207991,0.5769732108945869,0
6.056378893234115,0.23440781136046684,0.668603287782876,0.7142098240716593,0
6.920736470243689,0.4125042276723052,0.695929686594013,4.478373888093893,0
2.043163833989703,1.0156101279175582,0.709635830583011,0.09062020522864866,0
7.927581135728127,0.13809181262919945,0.7371275104884768,2.8033914746947497,0
6.284264566145871,1.3772632586157512,0.6266361917613575,0.049893883292246866,0
7.2344366235491195,1.0713131986951572,0.9180588516036243,4.106941814503472,0
8.433261677878832,0.9701893199590803,0.6668141979184328,3.95779101295685,0
4.51294113029255,0.366884392806869,0.9274870097807372,4.412799383861737,0
4.663097561401701,0.15139945461957494,0.6939130449584656,4.017688297313017,0
9.017740285462287,0.4069454849951917,0.5334868060126358,4.386752265664193,0
3.894049389788753,1.0835219285351265,0.9840329060253794,0.33282363957111427,0
6.483180074520956,0.14821084514973415,0.6877344642332501,4.019072725967233,0
4.334722327556344,1.9943647078059008,0.7795296424733011,1.6058107631797673,0
2.2011132590475313,0.7010410685723236,0.6862666368797754,0.3435683886198049,0
3.6957419942677316,0.9284770394784498,0.8613688761194023,3.28364742360804,0
7.087656552291542,0.016727363753714197,0.608833699790268,3.3084214419992826,0
4.839893681797472,0.010626951336691892,0.9022473212159112,3.864047866451687,0
5.484191629935626,0.13292665155254424,0.8832575247662924,2.9185679386568197,0
7.8195997715795915,1.5034939847916808,0.9015010359789186,2.5900403320231242,0
1.40324518193515,1.3423149467593773,0.8102368925259853,3.711265935995436,0
1.698810060507353,0.38995039980057844,0.9452047586096642,3.749888992260354,0
9.08228488700323,1.5174306423278414,0.7985776529951509,3.2706636851393682,0
8.891279239400099,1.157613509023881,0.8161956621641937,0.7823835800180029,0
4.739212201161028,1.432794223916198,0.6354713491581827,1.0112709026226745,0
3.1382680822441555,0.4830012559856669,0.6074563185181979,2.124254214340435,0
9.07838513883534,1.0141192934774366,0.5939601904076615,0.3848583469043704,0
6.961561451379252,0.7655975288727757,0.9109154732926796,3.297553843203851,0
7.962414505413685,0.5438920788368975,0.8461794612305291,1.320309923468594,0
9.390684794502915,1.2727485630667488,0.6622559000876711,1.3475593114613633,0
1.909265850716435,1.3892819177874556,0.6093578064989637,2.9765163296374455,0
2.646350269253573,1.3239378895877372,0.9074698642702697,3.890126215723266,0
7.608513309307817,0.37544481138450414,0.5441924734922594,3.494744142436928,0
3.683472137943513,0.8646924528066946,0.5155745463966955,1.297882246375246,0
0.3367640387446402,1.7583715452024953,0.6216983416092652,2.7866858478650403,0
0.3897932066113041,1.3336947826113161,0.661513672877047,4.489595934788329,0
8.881181889340358,0.6505812367234955,0.950480447845234,4.980788367493894,0
8.254156641239481,1.689742695510458,0.624504368054545,2.8835119942887815,0
0.6725591396736785,0.18983587364333943,0.9994463060166453,1.6331962471295547,0
7.481839120488464,1.613330106053633,0.9290116355036147,4.9881414870107825,0
2.414964852568678,0.08070165371939941,0.705595758997293,0.6504033491447347,0
0.22425889162055124,0.7208536542829722,0.8918691255376182,2.8309034561253545,0
3.1277798921035407,1.3086840109854394,0.6160090901544053,0.07190723036042512,0
7.643533864364274,1.2474861697280182,0.8811513122504799,0.19469008343832805,0
8.371196278306522,1.2390524000726066,0.7816976753563201,3.123070240572658,0
8.644332468683642,1.1738730131178141,0.7904751899440896,4.953395785328829,0
7.56730167068568,0.8845876109022706,0.8536985000164639,1.9461523584589424,0
2.28875462483499,1.1937037537755188,0.9640910490569757,4.645697600077313,0
3.419052781054903,1.05535493244339,0.6058179492849306,4.978155547494417,0
9.811179078679357,1.2990178594148947,0.9022070298387367,3.5755008064185,0
5.931582190394682,0.10669599397779539,0.7273821712763305,3.3739315108370524,0
6.775316138836846,0.7462452368447672,0.9708459933290152,0.836785161183905,0
5.003594462155606,1.3817679531016456,0.8485679029459046,3.2431947838440776,0
2.7528821345186016,0.31241313737324394,0.8179701634133554,2.996510580697189,0
1.7935601028924097,1.4102782911411267,0.7275859958668283,3.3388029580157648,0
8.373670797701507,0.3394568571538463,0.5095724339984183,3.895512931978934,0
6.096974251526159,1.3992791392442434,0.9190774874943213,4.0140546741225025,0
9.609201469288246,1.0718701577042364,0.7442478163299526,2.0094359994536504,0
1.5369104284420454,1.1452144657640448,0.6385062621629893,4.6065375610648776,0
5.8319080427709755,1.1856803610162203,0.677462330438505,0.25994675988853744,0
0.3174376537298862,0.846670288306395,0.542282689048619,3.0342347777006955,0
8.809730056396575,1.7658296330374443,0.8295227050661163,1.0561591573646552,0
8.629968313588721,1.7721868706264163,0.5983267924764794,3.6871304288533864,0
2.8651954892712297,1.6052806247058593,0.9986189499518013,0.15013002664696407,0
8.973658657909318,1.245261067197316,0.9866913095824106,2.325047587632138,0
8.473879305713737,0.12478813719655446,0.6676395250391478,0.33508268875604985,0
9.753431334790704,1.6339478145436734,0.9262737106229852,4.689826157169471,0
0.8510348611978535,0.7711951850266667,0.535517444522001,1.053965507750143,0
2.293657770376724,0.9382144220951574,0.6342810837268213,0.5048905340888055,0
1.674910890941077,0.29455112710418185,0.9865383989561491,3.796462534592368,0
9.67761465269562,0.8794809730158171,0.6391842408313283,3.9914659860459336,0
3.262539180411468,0.5987667474106966,0.6162529961039156,0.6483948911211768,0
2.5646306101676597,0.7106394969477754,0.8369971040728652,0.3128242110972579,0
2.1050693966534295,1.6180472805833528,0.5734609617918853,1.7132257326126077,0
8.6465892185814,0.3098506222868853,0.541368417809095,2.422689975400054,0
3.024195112785364,1.1268167289677082,0.9019024452417376,0.6857424407637158,0
5.80699084554285,1.0110175207797278,0.5720393930065998,3.1199924276449122,0
2.7364041786077165,0.975668637088025,0.5411361621385309,2.2979202860681154,0
3.0646346804282034,1.6447624223707087,0.5284893634986841,2.09303637459165,0
4.58431424131438,1.4500121525982375,0.7871437875451055,3.3360616859709054,0
7.770492856517562,1.7244059473163775,0.6569377483612353,2.690113526819515,0
8.401080784391999,1.9789022619301129,0.9447596555218816,1.857336313121884,0
1.9516651721865041,0.9787850748131774,0.8708207259180212,2.462845353766488,0
4.831808633136685,1.6764608421636011,0.6807018895335932,4.298973374058228,0
4.068048009517236,0.6564662113566788,0.7269949555998495,3.8122347933743423,0
1.2600202786399428,0.39283843174403477,0.975722412831546,0.8774581369067869,0
5.6772731793105455,1.1586289333238757,0.7448122310251224,3.223726242884093,0
2.2982672579761845,1.1053245355534964,0.6860866276234485,3.308336298145945,0
1.4122354337314946,1.1417548336789525,0.5926351776916619,1.393215315575182,0
2.1870980032358323,0.3656755597376342,0.9128554757803335,1.4285378383044516,0
9.271237818644494,1.9398530506903817,0.7856302349685487,0.715005613328632,0
3.7454824337958126,1.595464526696428,0.6836953643485353,0.43508609151394373,0
5.567849109281879,1.6902417029920696,0.8979631935717511,0.8756157006517662,0
6.727646144124667,0.4410085268712942,0.6091037672760862,4.370358866525926,0
2.4966895274023013,0.5264946930360224,0.5003266953806498,4.3533451706275885,0
7.925948132091348,1.254657870181356,0.8751328819694211,0.760242837122459,0
4.583235945875755,0.7024387746975618,0.5468882631285082,2.4306524260746203,0
9.207396503426354,0.08011823810138896,0.6457304567468969,1.0377046810285173,0
2.381466536656963,1.8168691037587505,0.7340345271171451,2.331497064699094,0
7.605756424552823,0.3089844080098516,0.7436326770500254,2.1499260706052987,0
5.969106905466561,1.9991154065008772,0.8847244470410236,1.989328515087136,0
8.27553052274047,0.34141672662496036,0.51523184315448,1.0222418623213652,0
3.4041155611425964,1.0211615149191198,0.8075645702705999,4.5530285860721085,0
5.0985400955045765,1.0025512892514588,0.525121504911491,0.17455776328111905,0
5.511599619163721,0.876357226496689,0.9195901974901493,0.8033979235592259,0
0.24971662117049598,0.8980775358602517,0.6187392783761287,0.24807186669418724,0
7.24598286847629,0.22318599991449495,0.8041597500038858,1.4052487508344458,0
1.7349605035502202,0.7595030458386349,0.9007228881114768,1.9604678845228634,0
7.507696492110557,0.2509725935983014,0.8863857098325396,1.1846666245332433,0
6.773931298888728,1.1315631096819927,0.9645723586058437,1.93661258987657,0
0.6616518883444045,0.03831097110250581,0.9134292804863766,2.623678188307161,0
7.752440518349493,0.4688512000230294,0.6725418727566168,0.1505193610565947,0
9.614923245741121,1.3357358134016268,0.966602543879653,1.3274820371453617,0
6.114636112256608,1.3569999365852756,0.6587748501287942,4.24054617507815,0
9.471614629002477,1.7697102353920087,0.8695334879696863,1.3873233986247702,0
2.8161604210563174,1.9267206408920758,0.505142247967846,3.5802498662107225,0
7.062461625552622,1.245379081899595,0.9950544230434328,1.5593971788186263,0
3.399718637932482,0.1578788058931111,0.7213990682718687,1.3052426311742404,0
3.433867021776442,1.6691435805112553,0.9677422567637479,0.9286653600259281,0
3.7250893155346585,1.8572611242307882,0.5309042303446113,0.4618026405568926,0
1.6279098920622936,1.1904256682537495,0.5752361355029987,4.840381907253668,0
4.467145272585204,1.0030359207003328,0.6233293079027032,2.3548012621736674,0
6.619136326370115,1.5023542739080855,0.8769340413549565,2.8894555634704417,0
9.043597749938572,1.6348156946122188,0.8785240573493127,0.2780276084023031,0
0.06877962219649314,0.4248945543909459,0.8317617969567261,2.055987444412729,0
4.0240625929931175,1.7691737764592275,0.9477814240659194,4.545876320267928,0
3.138780765150273,1.3821116254785235,0.6358165906371849,0.9530491653722489,0
1.8463245734736922,0.6842152417271881,0.7149788098899108,4.154745855275342,0
1.198910934727121,1.4698516947897884,0.7657274570946526,1.4397267133799625,0
4.928195845328246,0.5998841395540453,0.798040977619153,2.169219614276221,0
1.6440552907887873,0.23316614911139344,0.773347841036065,4.512065166430517,0
3.4395768655768553,1.4660002144452464,0.8293306774698834,4.657774571547405,0
8.209810172991409,1.133210517810926,0.8285152491170537,4.491932332920174,0
3.995187845869348,0.6535894117155547,0.5054055418175982,4.132755370957321,0
8.009807004033648,0.20890903620030277,0.7884286905663501,2.319908490834437,0
1.1870909550911146,1.961136454121447,0.6073479437316778,0.33617090045280573,0
5.948473795019096,1.4777333542660653,0.5162217230235935,3.293588193635111,0
5.322918759514544,0.20653001775009683,0.5862619384731811,2.8398714865804027,0
2.9635761351328838,1.8766314573026321,0.9093701147420254,4.9178360325683155,0
2.5967083895041396,1.939447265595954,0.7156169348957789,1.7375939765687731,0
0.5034952696935324,0.10553051571920524,0.8460056279733273,2.2896449721701395,0
2.265216260361057,1.2279406126504653,0.6264290591250556,2.888158771722113,0
3.5920874698269034,1.647104453223638,0.9103480803833897,2.3867519906120065,0
3.508191093350156,0.7251195931181891,0.9028572628341089,1.64089741398806,0
2.09059373706846,0.16937668375061365,0.7333465604422043,2.4106604945992096,0
8.409087104029071,0.44247739289212795,0.6904956368341999,4.0420286944684545,0
8.236236107489734,0.7692221519575364,0.7295620116433404,1.5164294542464147,0
9.32554878419312,0.23728753148316062,0.966874711500735,3.4193322591767163,0
5.315721526867312,0.06531812156899175,0.7377980959110042,2.0387405250136617,0
1.6121881197512256,1.3128192070013138,0.9855754536841429,2.8109440553226257,0
7.147532764439458,0.13690090513203357,0.7088334979084974,0.5817924258224794,0
6.127958355365104,1.8769643164283092,0.8308888662358193,0.38401524157210765,0
3.5466620498508283,1.101326758881703,0.701603878066626,4.168220052375862,0
8.146710047099893,1.2236620402064429,0.6867289725663526,1.2766818688162207,0
1.0587431821312931,0.7097953669731081,0.7065862586038598,3.379114625520368,0
6.581598242975735,0.1402162792825139,0.6976296577155789,0.9088943360868096,0
1.568127053168057,1.6546042994744918,0.5209576083581288,2.0959143795106066,0
1.682036557665182,1.758660431356948,0.7785202566375176,1.1569031818842401,0
5.024272871663764,1.4629727194062316,0.9790590044597169,1.1022300212270948,0
8.861817721293452,1.8686082283349805,0.9582102722660331,3.177071784309549,0
6.298206544347077,0.8064212663676456,0.876198941151894,2.6564700917546595,0
6.7743807122829445,0.8569158076975909,0.8657482320215695,4.122357588022745,0
1.4643625660281612,1.665859431148456,0.7701482658951536,4.223329545451121,0
4.313017063410146,0.7580809707660701,0.9575303662586112,1.2558463377420064,0
8.442123252861432,0.9680411450188082,0.7570477212756299,1.5423414074474202,0
5.730422006190157,0.6504223925524226,0.5196347071208262,1.3599930267217801,0
0.06379043406590679,1.9567095741137133,0.9828736049098737,1.9757764873615251,0
7.28370854339646,0.69161219682085,0.8355465785429881,4.027150215229895,0
9.467562446922408,0.800424551699344,0.8916489914780239,1.329642253160594,0
9.903323037936483,0.051539197528702285,0.8017644032505604,3.2975299082566356,0
6.880455570741288,0.24077515757817802,0.9692648917365652,0.905916395250414,0
6.2275340323984105,0.4453521582461699,0.6536082085106354,2.732292708640622,0
4.171934185645765,0.3204512019530126,0.5854682012104242,2.0907239408139984,0
7.572829782755007,1.795929293695577,0.5420638311296915,1.9655195377970052,0
1.0024556372287663,0.03318496126519577,0.8308593413219783,3.012247209832939,0
1.630191138148862,0.4676256661861282,0.5118538768222591,4.174736028472019,0
9.746905960485515,0.2709190735893816,0.615737606882649,4.34204761973467,0
9.264637979561849,0.8392547656136207,0.5253112361345371,0.196959168464097,0
5.739498660690105,0.785790217786358,0.5143262137888273,2.9162619615627836,0
0.11302536589022472,1.574743916298546,0.6532164113516858,0.2012900150461605,0
5.883522209831533,0.7953688288661094,0.9869002066785748,2.720993312518511,0
2.752391810370083,1.4188777292679495,0.6357460012713556,4.521216457037825,0
3.747219705073764,1.0997371255524104,0.5252865519121144,2.1306061897611537,0
8.32363539660995,1.6112976107266839,0.6121592794267632,1.1303953550528134,0
8.173053122132368,1.860796840338651,0.5476804606365018,2.250293197131126,0
3.3745427896422897,1.7413769109148787,0.5417624573400094,1.055629712790187,0
7.524683375864943,0.10258769796243117,0.7462676903571446,2.2105351733986,0
3.3440117898874866,0.7891446306378476,0.7649702934651165,0.8068367919419156,0
78.59979391417964,0.8054323292999863,0.0760160929790159,0.30779980938754736,1
57.462473487073694,0.2681743677449133,0.03610747263410372,0.8169111628169652,1
83.98486084166726,0.056680432165835404,0.0034672704226066386,0.783821125887818,1
84.85818460689902,0.19343534295648257,0.06415044812562518,0.5196562758805989,1
94.30430544067582,0.8956899442666165,0.02972872042813265,0.459987507926481,1
70.56519860331156,0.24053158518014872,0.06723838432917037,1.652129369096571,1
83.65460654556085,0.8243504472493495,0.039699216220747416,0.3126339414177217,1
86.89754736987962,0.3604745051415539,0.06712708252291326,0.5412878839635313,1
54.06148174033363,0.9925817954877634,0.01562015079305993,1.976841987926962,1
98.86399662832235,0.7938181039080396,0.06594229620819976,1.1556141005021694,1
93.30507726889174,0.28943952161948794,0.046768121248487705,1.2387799387330038,1
70.55952379347455,0.427486454090268,0.03302846675020844,1.128463633369072,1
92.5287264007558,0.20152837800631285,0.09344330387534415,1.3781753074964593,1
91.1636606340015,0.5561906926300116,0.07795167014240635,0.03240079467893442,1
90.91902123897677,0.04013885908536652,0.08899133763628625,1.9839254944772866,1
64.70337310883889,0.21031855628579366,0.07653633638580408,0.5060526818405064,1
93.27811915861017,0.10284259215747671,0.012595519637935827,1.9583031102012312,1
83.69194491350024,0.8468872244289528,0.0324329377351518,1.3529674990412088,1
79.71209136542986,0.603150120122947,0.06825324595377216,1.1507183462581971,1
71.4531184651333,0.27592269438054684,0.07685813309132021,0.4525448600063724,1
84.61771530772072,0.23333282264932664,0.06253301699544539,1.4941565342580578,1
60.93569444532696,0.05994330086130828,0.01309737429941741,1.211993934542051,1
92.47232031128678,0.04499682123542437,0.07341512590416463,0.6826372919001042,1
73.92641849597612,0.9288595498455656,0.03319715047358455,0.9306738678789721,1
50.68412073803405,0.08159872000483837,0.025859159113478403,0.055704481642148806,1
81.56876630241254,0.4263983568016225,0.0548145202728022,0.3492943717926591,1
64.79660147183081,0.6638244748527251,0.09653027236303999,0.1008335472044184,1
94.5192160427633,0.5768812013112085,0.05639195667556238,1.0005570704155207,1
53.46970429520917,0.08987685173616067,0.06009120056590861,0.6819171428711166,1
95.86340332888403,0.40659053735947226,0.01432814587026411,1.429437667004072,1
64.6676710720505,0.5254703073558932,0.06978327855051701,1.8005282224041408,1
89.6095597400838,0.6763610678727241,0.06796331823951436,1.891849288064173,1
64.7912048748268,0.0011120941961874076,0.027195455939819868,0.435782759253488,1
83.0917292556999,0.633711599765529,0.05934613827047239,0.0324868864189074,1
86.43890272253238,0.3235304124854915,0.06650559890066311,1.1131568570043067,1
67.13654627139536,0.13457626710410775,0.009441889766048095,1.6630366662244471,1
95.9198771040779,0.6497880467642996,0.010343411486048337,0.8040544337764814,1
86.44696000525786,0.7798208840100681,0.01182186222910886,6.143769076483174e-05,1
85.60685229403025,0.35659617598620563,0.025448133161826026,0.02579493957905088,1
77.01497033807499,0.8511507354259817,0.0957631646272588,1.1314899012265784,1
75.7230663869947,0.0850563854892411,0.054887280154259976,0.7599581579307892,1
80.35676404417885,0.3887263478765467,0.024029912345036677,0.189930550456753,1
65.74592222944479,0.09664483428775228,0.017689695082398395,1.9746723171590919,1
72.20517784533092,0.5318717665050166,0.08736185287372154,1.9911378009813756,1
79.13572246723407,0.8124738210441717,0.03269410243366753,0.6114879148945822,1
70.135186049728,0.6725072626736491,0.06821916892550987,0.6304788692989016,1
56.66049620683143,0.6323962564655086,0.012832586218876452,1.1569850164586601,1
84.67110640281544,0.7006114963944516,0.07534721106595968,1.745718843131329,1
74.99794959823942,0.7302491895295712,0.061917273536583675,0.3732798795953651,1
51.28448224347041,0.28454138567693377,0.04430337063376194,1.2342118888573126,1
